{
  "project_info": {
    "project_number": "919713008814",
    "firebase_url": "https://productcatalogv1-master-3f1da.firebaseio.com",
    "project_id": "productcatalogv1-master-3f1da",
    "storage_bucket": "productcatalogv1-master-3f1da.appspot.com"
  },
  "client": [
    {
      "client_info": {
        "mobilesdk_app_id": "1:919713008814:android:aadfeba8c26d67fc",
        "android_client_info": {
          "package_name": "mgarzon.createbest.productcatalog"
        }
      },
      "oauth_client": [
        {
          "client_id": "919713008814-1q92brpq2gdrc1pe1rd0dnp10k47dkt1.apps.googleusercontent.com",
          "client_type": 1,
          "android_info": {
            "package_name": "mgarzon.createbest.productcatalog",
            "certificate_hash": "f722f06870871d44d06acb049cdec600b73cbc49"
          }
        },
        {
          "client_id": "919713008814-g3tudeijb4g5kdeagdie46pmmn1nk2h5.apps.googleusercontent.com",
          "client_type": 3
        }
      ],
      "api_key": [
        {
          "current_key": "AIzaSyCwCtnfJfailBCFe0epsqogdues5YFQ884"
        }
      ],
      "services": {
        "analytics_service": {
          "status": 1
        },
        "appinvite_service": {
          "status": 2,
          "other_platform_oauth_client": [
            {
              "client_id": "919713008814-g3tudeijb4g5kdeagdie46pmmn1nk2h5.apps.googleusercontent.com",
              "client_type": 3
            }
          ]
        },
        "ads_service": {
          "status": 2
        }
      }
    }
  ],
  "configuration_version": "1"
}